{"_step":182,"losses/l_pix":0.06783976,"global_step":147000,"_timestamp":1.7510253436535814e+09,"metrics/psnr":25.735132,"_wandb":{"runtime":15857},"_runtime":15843.221560794}